{"cameraMode":{"drawMode":0,"name":"Shaded","section":"Shading Mode"},"sceneLighting":true,"audioPlay":false,"sceneViewState":{"m_AlwaysRefresh":false,"showFog":true,"showSkybox":true,"showFlares":true,"showImageEffects":true,"showParticleSystems":true,"showVisualEffectGraphs":true,"m_FxEnabled":true},"in2DMode":false,"pivot":{"x":1.6059521436691285,"y":0.9944392442703247,"z":1.2824643850326539},"rotation":{"x":-0.08801313489675522,"y":0.6749638319015503,"z":-0.08159694075584412,"w":-0.7280185222625732},"size":0.9465376734733582,"orthographic":false}