{"cameraMode":{"drawMode":0,"name":"Shaded","section":"Shading Mode"},"sceneLighting":true,"audioPlay":false,"sceneViewState":{"m_AlwaysRefresh":false,"showFog":true,"showSkybox":true,"showFlares":true,"showImageEffects":true,"showParticleSystems":true,"showVisualEffectGraphs":true,"m_FxEnabled":true},"in2DMode":false,"pivot":{"x":17.209571838378908,"y":1.050731897354126,"z":0.2709660530090332},"rotation":{"x":-0.011795702390372754,"y":0.7120736241340637,"z":-0.011974316090345383,"w":-0.7018919587135315},"size":1.4803237915039063,"orthographic":false}